name,gender,probability,countJasen,male,1.0,12,Jj,male,0.82,158,Akari,female,1.0,5,Shelley,female,1.0,644,Supriya,female,1.0,32,Rafil,male,1.0,2,Rachael,female,1.0,812,Elaine,female,1.0,1142,Kishore,male,0.99,67,Kurt,male,1.0,421,Jasen,male,1.0,12Jj,male,0.82,158Akari,female,1.0,5Shelley,female,1.0,644Supriya,female,1.0,32Rafil,male,1.0,2Rachael,female,1.0,812Elaine,female,1.0,1142Kishore,male,0.99,67Kurt,male,1.0,421Jasen,male,1.0,12Jj,male,0.82,158Akari,female,1.0,5Shelley,female,1.0,644Supriya,female,1.0,32Rafil,male,1.0,2Rachael,female,1.0,812Elaine,female,1.0,1142Kishore,male,0.99,67Kurt,male,1.0,421Jasen,male,1.0,12Jj,male,0.82,158Akari,female,1.0,5Shelley,female,1.0,644Supriya,female,1.0,32Rafil,male,1.0,2Rachael,female,1.0,812Elaine,female,1.0,1142Kishore,male,0.99,67Kurt,male,1.0,421Jasen,male,1.0,12Jj,male,0.82,158Akari,female,1.0,5Shelley,female,1.0,644Supriya,female,1.0,32Rafil,male,1.0,2Rachael,female,1.0,812Elaine,female,1.0,1142Kishore,male,0.99,67Kurt,male,1.0,421Jasen,male,1.0,12Jj,male,0.82,158Akari,female,1.0,5Shelley,female,1.0,644Supriya,female,1.0,32Rafil,male,1.0,2Rachael,female,1.0,812Elaine,female,1.0,1142Kishore,male,0.99,67Kurt,male,1.0,421Jasen,male,1.0,12Jj,male,0.82,158Akari,female,1.0,5Shelley,female,1.0,644Supriya,female,1.0,32Rafil,male,1.0,2Rachael,female,1.0,812Elaine,female,1.0,1142Kishore,male,0.99,67Kurt,male,1.0,421Jasen,male,1.0,12Jj,male,0.82,158Akari,female,1.0,5Shelley,female,1.0,644Supriya,female,1.0,32Rafil,male,1.0,2Rachael,female,1.0,812Elaine,female,1.0,1142Kishore,male,0.99,67Kurt,male,1.0,421Jasen,male,1.0,12
Jj,male,0.82,158
Akari,female,1.0,5
Shelley,female,1.0,644
Supriya,female,1.0,32
Rafil,male,1.0,2
Rachael,female,1.0,812
Elaine,female,1.0,1142
Kishore,male,0.99,67
Kurt,male,1.0,421
